{
  "train_loss": [
    2.252401245627434,
    2.1392083122472094,
    2.092473613988062,
    2.0549543890983437,
    2.0293138513139857,
    1.9957023449004836,
    1.9779634893320168,
    1.9564507258166173,
    1.9335375340880863,
    1.9052612887825935,
    1.8805793356743588,
    1.847095574542975,
    1.7484977184587223,
    1.5175139402887623,
    0.9158877802502577,
    0.4581972511520811,
    0.23415397318780043,
    0.3058812532834946,
    0.12018567816039939,
    0.11319353611795765,
    0.11085391415366132,
    0.06372040201120885,
    0.04202051064782557,
    0.05562320208343066,
    0.06080834391070115,
    0.028313424836423035,
    0.030852579111292674,
    0.020634607746337012,
    0.029906952009939702,
    0.03840065331370303,
    0.038551732819901104,
    0.16869295584809058,
    0.062324003200788215,
    0.03124234140524344,
    0.019481270213664813,
    0.006605091424670758,
    0.00413355947535924,
    0.010747657676900672,
    0.009680409283617476,
    0.006030264739681237,
    0.00677764983358348,
    0.004528051579799681,
    0.008480792557064349,
    0.1892188382987526,
    0.06655250141503895,
    0.07822226632718637,
    0.05261953736827442,
    0.032705082440938636,
    0.035408645918723315,
    0.033426462952937386
  ],
  "train_acc": [
    0.011046974522292993,
    0.013037420382165606,
    0.016520700636942675,
    0.016520700636942675,
    0.02119824840764331,
    0.025477707006369428,
    0.02975716560509554,
    0.028264331210191083,
    0.031747611464968156,
    0.033140923566878984,
    0.03642515923566879,
    0.04000796178343949,
    0.0540406050955414,
    0.09713375796178345,
    0.321656050955414,
    0.6513734076433121,
    0.8384753184713376,
    0.8021496815286624,
    0.9219745222929936,
    0.9243630573248408,
    0.930234872611465,
    0.9615843949044586,
    0.9730294585987261,
    0.9654657643312102,
    0.960390127388535,
    0.9831807324840764,
    0.9836783439490446,
    0.9884554140127388,
    0.9825835987261147,
    0.9765127388535032,
    0.9755175159235668,
    0.8996815286624203,
    0.9607882165605095,
    0.9809912420382165,
    0.9891520700636943,
    0.9963176751592356,
    0.9977109872611465,
    0.9945262738853503,
    0.994327229299363,
    0.9966162420382165,
    0.9972133757961783,
    0.9975119426751592,
    0.9955214968152867,
    0.8799761146496815,
    0.9602906050955414,
    0.9559116242038217,
    0.9691480891719745,
    0.9819864649681529,
    0.9799960191082803,
    0.9819864649681529
  ],
  "val_loss": [
    2.142433427274227,
    2.0892181247472763,
    2.054532825946808,
    2.051933854818344,
    1.9961139224469662,
    1.9747869037091732,
    1.9494630880653858,
    1.9269965924322605,
    1.9194701500236988,
    1.8982227705419064,
    1.8341194540262222,
    1.788679599761963,
    1.5703961066901684,
    1.0184917077422142,
    0.30330458004027605,
    0.057264140574261546,
    0.02467280620476231,
    0.11603526235558093,
    0.024507950744009577,
    0.04461988527327776,
    0.01715944452007534,
    0.004237409662891878,
    0.0011879419325850904,
    0.022830157802673057,
    0.0043358786024327856,
    0.0013343877708393848,
    0.001515898806246696,
    0.0005682378832716495,
    0.00291811259194219,
    0.01337437717938883,
    0.039138430744060315,
    0.0052141141168249305,
    0.0035998099119751714,
    0.0024612508041172987,
    0.0003809055979218101,
    0.0001669288108132605,
    0.00012957001490576658,
    0.00016157931941052084,
    0.00015027696122160705,
    0.0001259492132703599,
    0.00013539119822780776,
    0.0006420999752663192,
    0.010827793779753847,
    0.03805393373477273,
    0.007751458750135498,
    0.04602127612452023,
    0.02519927432149416,
    0.012525159003416775,
    0.03712577268197492,
    0.0053684288141084835
  ],
  "val_acc": [
    0.01513671875,
    0.01318359375,
    0.02001953125,
    0.0234375,
    0.02783203125,
    0.02685546875,
    0.03125,
    0.02734375,
    0.0302734375,
    0.033203125,
    0.046875,
    0.04638671875,
    0.0859375,
    0.22119140625,
    0.71044921875,
    0.9580078125,
    0.982421875,
    0.92578125,
    0.99072265625,
    0.96044921875,
    0.98974609375,
    0.9970703125,
    1.0,
    0.98193359375,
    0.9970703125,
    0.99951171875,
    0.99951171875,
    1.0,
    0.99853515625,
    0.994140625,
    0.98583984375,
    0.998046875,
    0.9990234375,
    0.998046875,
    1.0,
    1.0,
    1.0,
    1.0,
    1.0,
    1.0,
    1.0,
    0.998046875,
    0.99658203125,
    0.97412109375,
    0.9951171875,
    0.9619140625,
    0.98974609375,
    0.98974609375,
    0.98046875,
    0.99755859375
  ],
  "test_loss": 0.0011788787360274,
  "test_acc": 1.0
}