{
  "train_loss": [
    0.7035446079394307,
    0.6932147865097362,
    0.6930373457674021,
    0.6929968934470472,
    0.6930605656803607,
    0.6930114257449921,
    0.6930134772492674,
    0.6930175438856545,
    0.693019647758228,
    0.6930124188383547,
    0.6929876987164775,
    0.6931107278449086,
    0.6929960515552436,
    0.6929914113431693,
    0.6929921393577283,
    0.6929922766578845,
    0.6931072545889467,
    0.6929877533699377,
    0.6929957674334224,
    0.6929901310811027,
    0.6929944302327335,
    0.6929898926625236,
    0.6929812928358206,
    0.6929841428138197,
    0.6930002667271672,
    0.6929705499079281,
    0.6929752834307881,
    0.6929846326002298,
    0.6929886746711243,
    0.6929811357309262
  ],
  "train_acc": [
    0.4997,
    0.5038,
    0.5093,
    0.5093,
    0.5093,
    0.5093,
    0.5093,
    0.5093,
    0.5093,
    0.5093,
    0.5093,
    0.5093,
    0.5093,
    0.5093,
    0.5093,
    0.5093,
    0.5067,
    0.5093,
    0.5093,
    0.5093,
    0.5093,
    0.5093,
    0.5093,
    0.5093,
    0.5093,
    0.5093,
    0.5093,
    0.5093,
    0.5093,
    0.5093
  ],
  "val_loss": [
    0.6943171147316222,
    0.6939028851569645,
    0.69364628432289,
    0.6936598628286331,
    0.6936258929116386,
    0.693633514737326,
    0.6935420897271898,
    0.6935603278023856,
    0.6934837008279467,
    0.6934981232597714,
    0.693537259858752,
    0.6934936633185734,
    0.6935360176222665,
    0.6935297581884596,
    0.6935466934764196,
    0.6931720224637834,
    0.6935921519521683,
    0.6935693877083915,
    0.6935768846481566,
    0.6935663232727657,
    0.6935526302882603,
    0.6935828460587395,
    0.6935852567354838,
    0.693587393041641,
    0.6935999951665364,
    0.6935701852753049,
    0.6935762223743257,
    0.6935873788500589,
    0.6935851592866201,
    0.6935777266820272
  ],
  "val_acc": [
    0.494,
    0.494,
    0.494,
    0.494,
    0.494,
    0.494,
    0.494,
    0.494,
    0.494,
    0.494,
    0.494,
    0.494,
    0.494,
    0.494,
    0.494,
    0.494,
    0.494,
    0.494,
    0.494,
    0.494,
    0.494,
    0.494,
    0.494,
    0.494,
    0.494,
    0.494,
    0.494,
    0.494,
    0.494,
    0.494
  ],
  "test_loss": 0.6945763031641642,
  "test_acc": 0.49
}