{
  "train_loss": [
    0.7088045571177912,
    0.695744170548436,
    0.6939310122983524,
    0.6929237425517731,
    0.6930425315619276,
    0.6928183346891555,
    0.6912302072055805,
    0.6860323243628675,
    0.6798862913926951,
    0.6744153103508508,
    0.669643798956094,
    0.6604118061522706,
    0.6534273142631823,
    0.6298136244566677,
    0.618341216835351,
    0.6002595932148516,
    0.5887755249826291,
    0.5747399245397732,
    0.5685132152546709,
    0.5468016776223533,
    0.5343912611373316,
    0.5293422153773019,
    0.5220351796180677,
    0.5154693138104277,
    0.5072433363896208,
    0.49912314150280085,
    0.4904351566260615,
    0.48964333762756934,
    0.4790399009808184,
    0.4770197428929539
  ],
  "train_acc": [
    0.5036,
    0.4952,
    0.4961,
    0.5132,
    0.5126,
    0.5192,
    0.5298,
    0.5521,
    0.568,
    0.5791,
    0.5923,
    0.6074,
    0.6152,
    0.6527,
    0.6615,
    0.6843,
    0.6866,
    0.7057,
    0.7148,
    0.7266,
    0.7379,
    0.7381,
    0.7404,
    0.7498,
    0.7566,
    0.7601,
    0.7638,
    0.7628,
    0.774,
    0.7738
  ],
  "val_loss": [
    0.6931691841473655,
    0.6931146373824467,
    0.6942151359149388,
    0.6936058326373025,
    0.6934050539183239,
    0.6934243885297624,
    0.6963615095804608,
    0.7012128688040233,
    0.6996116600339375,
    0.7106743909063793,
    0.7177053983249362,
    0.7361450460222032,
    0.7545438484540061,
    0.7708726969976274,
    0.8145986152073693,
    0.7691972728759523,
    0.803960605273171,
    0.808797211874099,
    0.8274737426212856,
    0.8782222526414054,
    0.8998263686422318,
    0.8924728546823774,
    0.960052956664373,
    0.9175870484775968,
    0.8908123156381031,
    0.9718113957889496,
    0.9219337484193226,
    0.9532535076141357,
    1.0376081163921054,
    0.987499491562919
  ],
  "val_acc": [
    0.5025,
    0.4905,
    0.494,
    0.494,
    0.502,
    0.495,
    0.4925,
    0.505,
    0.4995,
    0.4945,
    0.4795,
    0.492,
    0.484,
    0.4785,
    0.47,
    0.4875,
    0.492,
    0.485,
    0.478,
    0.4955,
    0.4815,
    0.494,
    0.4885,
    0.492,
    0.4935,
    0.492,
    0.49,
    0.498,
    0.493,
    0.4945
  ],
  "test_loss": 0.701207333140903,
  "test_acc": 0.4955
}