{
  "train_loss": [
    0.7117248946866288,
    0.693801042561333,
    0.6938515160792171,
    0.5254930034041786,
    0.21487422461231676,
    0.16293520771097927,
    0.13591080681739237,
    0.1280304187292846,
    0.12450733324126027,
    0.11549195971566077,
    0.11737681712848119,
    0.10026703354494926,
    0.1027510700667033,
    0.09833766942540297,
    0.10015033274894944,
    0.09459280805846754,
    0.09166720898274464,
    0.0897233785426143,
    0.07689262860671828,
    0.06967238221204462,
    0.06103791057626113,
    0.05491776454795045,
    0.05492614992535688,
    0.05337515797617789,
    0.0550381836117641,
    0.0467866807960319,
    0.04072885752187673,
    0.035799524201394116,
    0.03545946535634282,
    0.03254344995747642
  ],
  "train_acc": [
    0.5001,
    0.51,
    0.4999,
    0.7141,
    0.9182,
    0.941,
    0.9516,
    0.9552,
    0.9576,
    0.9607,
    0.9598,
    0.9681,
    0.9659,
    0.9672,
    0.9656,
    0.969,
    0.9682,
    0.971,
    0.974,
    0.9757,
    0.9796,
    0.9829,
    0.9819,
    0.983,
    0.9809,
    0.9847,
    0.9863,
    0.988,
    0.9876,
    0.9884
  ],
  "val_loss": [
    0.6930645817802066,
    0.6928351417420402,
    0.6932689216401842,
    0.2018126988458255,
    0.14092042270515645,
    0.1351367108642109,
    0.11498340006385531,
    0.13108797128947955,
    0.10413359506203541,
    0.1472357062194201,
    0.10884009146442016,
    0.109693982446241,
    0.09117080917256692,
    0.11630440294919979,
    0.103105703368783,
    0.09926608697112117,
    0.10966352620605557,
    0.1047060294926817,
    0.10064539854370412,
    0.07921513779798434,
    0.09626875738687223,
    0.09376336674257699,
    0.08068592310513532,
    0.08147252464134778,
    0.08863168810346415,
    0.09512601895461095,
    0.0841999238408688,
    0.08424965428033222,
    0.08212671990668963,
    0.07949705043667188
  ],
  "val_acc": [
    0.5065,
    0.506,
    0.494,
    0.9195,
    0.95,
    0.951,
    0.9605,
    0.9515,
    0.9665,
    0.959,
    0.965,
    0.964,
    0.969,
    0.964,
    0.969,
    0.9625,
    0.969,
    0.971,
    0.9645,
    0.9725,
    0.974,
    0.975,
    0.976,
    0.974,
    0.9755,
    0.9765,
    0.9785,
    0.978,
    0.9765,
    0.9765
  ],
  "test_loss": 0.08244258054857334,
  "test_acc": 0.979
}